{"cameraMode":{"drawMode":0,"name":"Shaded","section":"Shading Mode"},"sceneLighting":true,"audioPlay":false,"sceneViewState":{"showFog":true,"showMaterialUpdate":true,"showSkybox":true,"showFlares":true,"showImageEffects":true,"showParticleSystems":true},"in2DMode":false,"pivot":{"x":-0.8850390911102295,"y":4.576328277587891,"z":-5.37907600402832},"rotation":{"x":-0.43577030301094057,"y":-0.0552905909717083,"z":0.026831423863768579,"w":-0.8979573249816895},"size":22.0,"orthographic":false}